,score,text,fold
0,5,túi rất đẹp túi đẹp may kĩ và tiện_lợi khi bên trong và bên ngoài đều có túi nhỏdây kéo_lại đẹp nói_chung là rất đáng tiền mua,1
1,4,bốn sao mẫu_mã và chất_lượng y hình,0
2,5,năm sao đẹp,2
3,5,năm sao very nice i love it,2
4,5,tot sản_phẩm giống như hình đẹp,2
5,5,năm sao đẹp,0
6,5,tuyệt chỉ 1ngày mà mình đã nhận được hàng hàng rất đẹp mình thích lắm luôn á,2
7,3,5 sao tôi rất hài_lòng về sản phẩmcảm ơn lazada,0
8,5,túi đẹp và tiện_dụng đã mua thêm 1 cái nữa và còn mua thêm nữa,0
9,4,túi đẹp có vài chỗ đường chỉ bị may chồng lên nhau nhưng nhìn_chung túi đẹp chắc_chắn giá rẻ so với chất_lượng mình rất thích sản_phẩm này,1
10,5,tốt sản_phẩm vừa tầm giáchất lượng tốt,0
11,4,đánh_giá đẹp nhưng túi hơi nhỏ,3
12,5,năm sao đẹp lắm rất thích,4
13,3,ba sao hài_lòng với sản_phẩm này cực_kỳ lần sau sẽ mua hàng trên lazada tiếp,2
14,5,túi_xách mình mua về rất hài_lòng chất_liệu đã tốt mà_lại vừa túi_tiền nữa mình rất thích sản_phẩm này,2
15,5,hàng đẹp như hình nhìn chắc_chắn bền đẹp ok,2
16,1,hàng đúng như hình nhưng trên website có tặng kèm ví mà nhận ko có,3
17,5,năm sao hàng đẹp tốt,1
18,5,rất tốt hàng nhận giống hình chất_liệu đẹp phù_hợp với giá tiền,0
19,5,quá đẹp đã nhận được hàng quá đẹp phải đặt thêm cái nữa cho 5 sao,0
20,4,sản_phẩm đẹp sản_phẩm đẹp so với giá,0
21,5,năm sao rất hài_lòng về sản_phẩm đã đẹp tỉ_mỉ cẩn thẩn đến từng đường may mà giá lại siêu mềm cảm_ơn lazada rất nhiều nhé,0
22,3,tốt sản_phẩm tốt trong tầm giá,4
23,5,năm sao túi đẹp và rẻ,0
24,5,mình đang dùng túi này thấy thích lắm mà giá_cả phải chăng túi như quảng_cáo,1
25,5,tuyệt_vời túi da mềm đường may đẹp giá quá rẻ mình mua lúc 105k đang định đặt thêm mang đi làm hay đi chơi đều được nhé rất trẻ_trung,2
26,4,bốn sao túi đẹp da mềm mịn giá rẻ tôi rất hài_lòng về sản_phẩm tuy_nhiên giao hàng còn chậm đợi đến 10 ngày thì quá lâu,3
27,5,năm sao mình rất hài_lòng,3
28,5,năm sao hàng ok rất thích,1
29,1,em đặt túi này sao mãi không thấy inbox_vậy,4
30,5,5 sao tôi thích sản_phẩm đã mua,2
31,5,chất_lượng tốt giá vậy là quá ok so với hàng,4
32,5,hài_lòng về sản_phẩm và dịch_vụ của hài_lòng về sản_phẩm và dịch_vụ của lazada túi_xách như hình_ảnh giá rẻ giao hàng nhanh tuyệt_vời lazada,3
33,3,very good tôi hài_lòng về sản_phẩm của các bạn mẫu_mã đẹp từng đường chỉ rất chuẩn_xác không có lỗi giá_cả cực_kì hợp_lý cám_ơn lazada và latashop,4
34,5,đẹp rất ưng_ý mua lúc đang giảm_giá 92k sản_phẩm rất đẹp da mịn dày_dặn quai đeo chắc_chắn khuy nút dây kéo_đẹp,0
35,5,chất_lượng tốt hàng giao trong 24h thì chiều_hôm trước đặt 10h tối hôm sau dậy đi nhận hàng chất_lượng hàng tốt chất_liệu da tốt chỉ may đẹp mầu_sắc vừa_mắt quan_trọng vợ mình vui cám_ơn shop và lazada,3
36,1,gọi người bán không bắt mấy sản_phẩm thì không như_ý giá bán không đúng,0
37,5,hài_lòng,2
38,4,bốn sao đẹp nhưng hơi nhỏ,4
39,1,không hài_lòng tôi vừa nhận được túi_xách chất_liệu túi nhão form túi thì bị méo nhìn sản_phẩm không chắc_chắn,1
40,3,tạm,4
41,3,túi tốt chất_liệu thích giỏ gọn tiện_dụng nói_chung thích,1
42,5,túi_xách đẹp gọn_nhẹ mình rất thích,1
43,5,tuyệt hàng y hình ok túi rất đẹp và quá rẻ so với giá tiền hài_lòng tuyệt_đối cho 5 sao,0
44,1,túi xấu,3
45,1,hàng vàng_mã hàng quá xấu so với ảnh như đồ vàng_mã,0
46,4,túi hơi bé hàng tốt chất_lượng trừ mỗi điểm túi hơi bé,0
47,3,túi_xách ok rất thích,0
48,4,hài_lòng hàng giống hình đẹp giá rẻ định lựa nữa mà hết hàng,2
49,5,năm sao rất ưng,3
50,5,năm sao da cũng đẹp đường may tốt,1
51,4,đẹp chất_liệu tốt_đẹp như hình 39,1
52,4,bốn sao mới nhận hàng hôm_nay vơi giá 77k dùng đựng đồ_chơi chơi cũng ổn giống hình da cứng_cáp,2
53,5,sản_phẩm tốt sản_phẩm tốt đóng_gói cẩn_thận,4
54,5,tui đeo da mềm em thích vì nhờ bộ điện_thoại vô vừa tui đeo chéo lata,4
55,4,sản_phẩm chấp_nhận được so với mô_tả và mức giá,4
56,1,một sao,2
57,5,túi đeo chéo lata hàng đẹp đúng với quãng cáo giao hàng nhanh thân_thiện rất hài_lòng thanks lazada,4
58,4,xài êm_đẹp được,0
59,5,đẹp như hình,1
60,4,bốn sao chất_lượng sản_phẩm tốt hơn mong_đợi,3
61,5,sản_phẩm tốt sản_phẩm tốt đóng_gói cẩn_thận,2
62,4,tốt sản_phẩm dùng ok với tầm giá này thì chất_lượng rất tốt,3
63,3,ba sao hàng phù_hợp với giá tiền,1
64,5,tuyệt_vời mua rất ưng_í,1
65,5,tuyệt_vời sản_phẩm đẹp giao hàng nhanh giá_cả cũng hợp_lý,2
66,5,tốt mua được giá rẻ 100k hài_lòng da mềm chắc gọn_nhẹ để ví bóp và điện_thoại vừa phải không cồng_kềnh tiện_lợi,2
67,5,hàng đẹp dùng ok rất hài_lòng về sản_phẩm,0
68,1,một sao mình hài_lòng với sản_phẩm với giá tiền như_vậy thì sản_phẩm ổn rùi,0
69,5,dịch_vụ tương_đối tốt đặt_hàng nhanh,4
70,4,tốt giao hàng nhanh hàng rất đẹp mình rất hài_lòng với sản_phẩm nhưng khi giao hàng mình không thấy có hóa_đơn giao hàng,4
71,4,đẹp mỗi tôi hơi nhỏ nếu bạn là nam_giới,4
72,2,túi nhỏ xinh phù_hợp với giá tiền đã giảm nhưng ko hài_lòng ở mùi của da túi mãi ko thấy bay hết mùi hic,4
73,5,năm sao ok hài_lòng về sản_phẩm,4
74,5,tuyệt túi da giống y_hình da rất đẹp rất đáng để mua sản_phẩm rất ưng_í,1
75,5,túi đẹp túi đẹp 5 sao,2
76,3,ba sao ví da cũng rất oki nhé nhưng ví tặng thì hơi kì,3
77,1,rớt rep một sao,4
78,2,hàng rất mà đep sai ok,1
79,3,hài_lòng mình rất thích túi chất đẹp hàng đẹp tuy màu không được đậm như hình,4
80,3,tốt hàng đẹp chất_liệu tốt dày_dặn rất vừa_ý,3
81,2,nhìn đẹp nhìn đẹp nhưng không bền đeo vào thì rớt dây rớt khóa tùm_lum,2
82,4,tốt ok kích_thước nhỏ hơn màu dám hôm đã mềm đường chỉ chắc_chắn nói tóm_lại hài_lòng,4
83,4,hàng ok túi đeo chéo,2
84,1,dởm tiền nào của nấy cũng tạm được thôi,0
85,5,sản_phẩm đẹp hàng đẹp da sờ mềm thích gói hàng thì cẩn_thận vote 5 sao,2
86,4,bốn sao túi đẹp giá rẻ nhưng màu hơi đậm hơn so với trong hình,2
87,3,ba sao da đẹp,4
88,5,tốt thực_sự hài_lòng sản_phẩm tốt giá_thành rẻ 79k,4
89,3,kính_mát nam chất_lượng chưa được tốt,2
90,5,túi đeo chéo lata hơn 1 mình mới nhận được sản_phẩm sáng nay rất ưng_ý sản_phẩm nhìn ngoài rất đẹp,4
91,5,tuyệt_vời túi rất đẹp và chắc_chắn giá lại rẻ sẽ mua tiếp,4
92,3,ba sao túi đẹp,0
93,5,năm sao túi đẹp da mềm chất_lượng tốt hài_lòng với sản_phẩm,2
94,5,giao hàng nhanh sản_phẩm đẹp giá rẻ rất ưng_ý với tất_cả 4 sản_phẩm mình đã mua,3
95,3,ba sao hàng dùng được nhưng hơi đắt so với thực_tế,2
96,4,good,0
97,4,chất_lượng ok,1
98,4,chất_lượng túi dày_dặn chắc_chắn đường may đẹp khá hài_lòng với sản_phẩm này,0
99,5,năm sao,3
100,5,túi đẹp đường may cũng chắc_chắn cám_ơn lata cám_ơn lazada 5 sao so với giá tiền,1
101,3,ba sao rất tốt,2
102,3,ba sao em rất ứng sản_phẩm rất đúng mục_đích của em,2
103,3,ba sao ok,3
104,3,ba sao tốt giao hàng nhanh hàng ưng_ý,0
105,5,túi đẹp tương_ứng với giá mình rất hài_lòng,2
106,5,hài_lòng với sp này sp có thương_hiệu chất_liệu tốt giá giảm rẻ quá mình mua luôn 6 cái,3
107,5,quá_sức hài_lòng cực_kì hài_lòng khi nhận được sản_phẩm rất đẹp mình rất rất thích luôn lại còn được bảo_hành nữa < 3,1
108,5,hàng chất lương_y trong hình hàng đẹp đường may đẹp lần đầu mua mà ương ý lắm lun,0
109,4,thích mình đã đặt mua và dùng được một thời_gian túi khá chất_lượng túi đẹp đeo cũng khá bền với giá_cả như_vậy rất phù_hợp,0
110,5,năm sao sản_phẩm đẹp đúng như trong hình_ảnh đang bán mình mua tặng sinh_nhật ngươi được tặng rất thích và khen giỏ tốt đường chỉ may chắc_chắn mình sẽ tiếp_tục ủng_hộ thương_hiệu lata này,3
111,5,năm sao,4
112,5,tui sách tui sách mềm êm giống như lazada đã giới_thiệu tôi rất hài_lòng,1
113,4,bốn sao ok ngon bổ rẽ,1
114,5,năm sao giá_cả phải chăng túi giống hình nói_chung ok,4
115,5,năm sao 1 năm trước hàng đẹp bền mình rất ưng_ý,0
116,5,đánh_giá vừa_ý khi nhận sản_phẩm,3
117,5,năm sao,4
118,5,túi đeo chéo lata hàng rất chi là oke thanks lazada nhé,1
119,5,da đẹp ưng_ý lắm,1
120,4,hàng được mua để tặng nói túi_xách 99000đ người được tặng không tin phải cao_giá hơn và cảm_ơn,1
121,3,túi chéo ok vải đẹp hợp túi_tiền,0
122,5,năm sao dày_dặn đẹp như hình rất thích,2
123,5,năm sao túi rất đẹp y_như hình đầy_đặn đường chỉ chắc_chắn giao hàng rất nhanh,1
124,1,giao hàng chậm quá 7 hôm rồi mình vẫn chưa nhận được khi nào hàng về mình sẽ hoàn_trả lại shop,3
125,1,một sao 1 năm trước đường chất_lượng tốt,2
126,5,năm sao chất_lượng đúng như thông_tin sản_phẩm oke,2
127,5,tốt sản_phẩm tốt và đẹp như đúng cam_kết,4
128,4,tốt,2
129,5,đẹp và rẻ dùng ok so với giá là quá ổn mua ở ngoài cùng loại phải trên 300k cám_ơn shop và lazada,2
130,5,túi da đẹp túi đẹp da tốt rất ưng_ý tuy_nhiên mong lazada giao hàng nhanh hơn_nữa,1
131,4,bốn sao 1 năm trước lần đầu_tiên mua hàng trên lazada hàng giống như hình mới rất đẹp,4
132,5,năm sao cũng được,2
133,2,tạm ổn,4
134,4,hỏi hôm trước có đăng_kí mua 1 túi_xách da_bò thế này mà không thấy liên_hệ nên hỏi thử có hàng này không ạ,2
135,5,đẹp túi đẹp hơn mấy mẫu khác của lata đường may sắc_sảo xài rất bền,4
136,1,mua tặng bạn xài chưa bao_lâu đẫ đứt hàng vàng_mã,3
137,2,mình nhận được hàng rồi túi so với hình ko giống lắm về kích_thước,3
138,5,rẻ đẹp màu_sắc đường may đẹp vải lót trong cũng rất tốt giao hàng lại nhanh rất vừa_ý,4
139,4,ưng_ý sản_phẩm đẹp so với giá nhưng logo nó không ở chính giữa sản_phẩm mà ở 1 góc sản_phẩm không giống trên hình nhỉ nói_chung là ưng,1
140,5,năm sao tốt,4
141,5,năm sao nhận hàng hơi trễ nhưng chất_lượng ok giống mẫu đường may ngay_ngắn lớp lót bên trong đẹp hài_lòng về sản_phẩm,1
142,4,tốt hàng giống hình_hài_lòng,2
143,5,năm sao hàng đẹp da mềm cảm_ơn lazada,2
144,3,đẹp túi may chắc_chắn y hình,3
145,2,hai sao,1
146,4,bốn sao sản_phẩm ổn ngoài việc màu đậm hơn so với hình thì còn lại tốt da mềm đường may chắc_chắn,3
147,5,hài_lòng sản_phẩm đẹp chắc_chắn giá rẻ cảm_ơn lata và lazada,4
148,5,rất đáng đồng_tiền,0
149,4,bóp đeo sản_phẩm đẹp giá tốt,2
150,5,rất đẹp cám_ơn lata và lazada túi may rất đẹp tôi không nghĩ hàng việt nam hơn trăm bạc mà_lại đẹp đến vậy trong tương_lai sẽ tiếp_tục mua đồ của các bạn,1
151,1,hàng may bị lỗi bởi_vậy nên mới bán giá đó,0
152,4,hàn tốt lắm tôi đã mua và công_nhận hàng rất tốt,1
153,5,năm sao rất đẹp,2
154,1,không bao_giờ mua nữa,2
155,5,chất_lượng cực_kì đã mua đc gần 1 tháng rồi mình thấy lata rất có uy_tín và hàng rất bền đẹp tuy_nhiên theo mình nếu muốn tương_lai sẽ còn đc biết đến rộng_rãi hơn nữa lata nên đầu_tư đa_dạng mãu túi cho chị_em phụ_nữ vì chị_em túi_xách là một phần cs rồi nên sẽ đầu_tư cho túi đẹp và nếu rẻ mà bền thì càng tốt đặc_biệt đa_dạng màu hơn nhé lata các màu như đỏ xanh hồng bởi theo mình biết thì da có_thể nhuộm đc mỗi nâu vs đen trông ko hút mắt lắm,2
156,5,hàng đẹp và rẻ hơn mong_đợi mình mua khi sản_phẩm sale off nhưng không_thể tin được là túi đẹp đến thế chắc_chắn dày_dặn đường may rất cẩn_thận mình có nhiều túi qc đắt tiền gấp chục lần mà cũng ko được như_vậy ủng_hộ lata dài_dài,3
157,3,ba sao túi rất đép giống_hệt trên ảnh tôi rất thích,1
158,5,túi túi đẹp chất_liệu ổn mầu đẹp < 3,2
159,5,túi đeo chéo lata da_bò nhạt mình rất hài_lòng về chất_lượng của túi và cách làm_việc của lazada tặng 5 sao,3
160,5,rất hài_lòng về sản_phẩm hi_hi,3
161,5,lata mùi túi đẹp,4
162,5,rất ok ok,1
163,4,bốn sao chất_lượng túi tốt hơn nhiều so với mình nghĩ khi mua với giá đó đường may chắc_chắn màu y_như hình_hài_lòng về sản_phẩm,4
164,5,hàng quá đẹp đúng là hàng việt nam chất_lượng cao túi da khá dày và mềm đường may chắc_chắn mình mua chiếc màu vàng nhạt nhìn rất đẹp dễ phối đồ có điều kích_thước hơi nhỏ không đủ cho đựng vở đi học nên chỉ thích_hợp đeo đi chơi thôi,3
165,5,tốt hài_lòng,0
166,5,good quá bất_ngờ khi nhận được hàng giá chỉ 99k theo tôi chỉ tiền công may là dư rồi may rất đẹp đường may sắc nét túi thì chỉ 1 từ đẹp tuyệt_vời ông mặt_trời hơn những gì mình tưởng trước giờ mua hàng chưa sản_phẩm nào rẻ mà tốt như thế này thật không_thể tin nổi sẽ đặt thêm 10 sản phâmt nữa làm_quà biếu anh_chị nhà phân_phối sản_phẩm nầy chúc bạn mua may bán đắc,4
167,5,túi da_bò nâu nhạt hài_lòng sản_phẩm đẹp đường may và khóa rất chắc_chắn kích_thước chuẩn giống như thông_tin đã cung_cấp màu túi đậm hơn so với ảnh chụp một_chút giao hàng đóng_gói sản_phẩm cẩn_thận mình rất ứng ý cám_ơn lazada,3
168,5,đẹp và chất sản_phẩm đẹp hơn hình luôn lần đầu_tiên mua cái túi da mà thấy hài_lòng chắc_chắn dày_dặn,1
169,5,ok mình mới nhận sản_phẩm giỏ đẹp đường may rất đều và đẹp da dày mềm ok giá rẻ,2
170,5,good rất vừa_ý hàng đẹp,2
171,4,bốn sao da mềm giống y chang như hình nói_chung vừa túi_tiền,2
172,5,túi đẹp túi đẹp gống hình ủng_hộ lazada nhiều hơn nữa cảnm ơn lazada,2
173,4,nice đẹp hài_lòng,0
174,5,năm sao túi đẹp như hình đường may khá đẹp da mềm túi kích_thước vừa_vặn dễ kết_hợp đồ màu hơi đậm so với ảnh nhưng rất đẹp,2
175,4,bốn sao giá tốt sản_phẩm tốt đường may đẹp chất_liệu da ổn vải lót dày kích_thước túi hơi nhỏ,1
176,1,túi da ưng lắm đi chơi thật tuyệt cám_ơn lazada,3
177,4,bốn sao đẹp_chất da khá tốt,2
178,4,tốt trong tầm giá túi đẹp da tốt lớp lót êm_ái khóa kéo chắc_chắn nhưng hơi nhỏ chỉ đủ bỏ ví tiền và điện_thoại thôi,3
179,5,túi đeo chéo lata da_bò nhạt mình rất hài_lòng về chất_lượng của túi và cách làm_việc của lazada tặng 5 sao,2
180,5,năm sao túi đẹp y hình rất hài_lòng,3
181,5,tốt sản_phẩm đẹp và tốt như hình,0
182,3,ba sao túi đẹp chất_lượng đường may ưng_ý ok,3
183,4,bốn sao túi may chắc_chắn rất thích mỗi tội màu đậm hơn so với hình,4
184,4,good sản_phẩm tốt,2
185,3,khá hài_lòng về sản_phẩm mình cũng là người hay mua hàng online cũng mua nhiều shop nhưng đây là lần đầu_tiên mình mua trên lazada mình mới đặt_hàng chiều hôm_qua thì chiều hôm_nay đã nhận được hàng phải công_nhận lazada gói hàng rất kĩ mình rất thích và hàng nhận được thì màu_sắc như hình đường mau khá chắc nói_chung nhìn thích còn kích_thước thì đựng được quyển vở khá là ok và mình cũng hài_lòng về cách xác_nhận đơn hàng hi_vọng lazada sẽ nhiều sản_phẩm giá_cả hợp_lý và chất_lượng tốt để phục_vụ khách_hàng,0
186,5,hải lòng hải lòng,4
187,4,ok 1 năm trước chất_liệu cứng hơn mình nghĩ không mềm lắm màu_sắc đúng như hình dùng mấy tháng rồi chưa thấy bong tróc sứt chỉ dùng cũng được,0
188,4,good mua ngày giảm_giá còn 91k mình rất hài_lòng về chất_lượng đường may đẹp chắc_chắn túi để được ví và điện_thoại màu thì nhạt hơn so với hình nói_chung là ok,4
189,5,hàng đẹp đường may chắc giá rẻ,3
190,4,khá tốt mới nhận hàng hôm_nay da_bò mềm màu không chuẩn như hình lắm màu như da_bò nhạt lớp lót đẹp đường may chắc_chắn kích_thước hơi nhỏ chỉ để được ipad mini để dùng lâu coi có bền không,0
191,5,quá chất_lượng giá rẻ mà chất_lượng thì quá tốt da mềm đường may chắc_chắn kiểu_dáng y_như hình rất đáng để mua giao hàng rất nhanh sẽ luôn ủng_hộ lata và lazada,4
192,2,hai sao tốt,2
193,1,một sao good,4
194,5,hài_lòng mẫu_mã đẹp chất_liệu tốt,4
195,2,kém da xấu nhàu giao hàng bị lỗi tróc da ngay gần nút gài,1
196,5,mình nhận được hàng từ lazada hàng rất tốt,1
197,5,túi đeo chéo hàng chất_lượng,4
198,4,hài_lòng về sản_phẩm da mềm đường chỉ chắc_chắn thiết_kế phù_hợp với nhu_cầu của mình,4
199,1,sản_phẩm bị lỗi dây đeo thiếu móc,1
200,5,năm sao túi đẹp mình mua đợt sale 70k thấy túi quá thích luôn hợp đi chơi,3
201,5,năm sao hàng đẹp rất hài_lòng,3
202,1,một sao 1 năm trước tôi rất hài_lòng về sản_phẩm mình mua trên lazada,2
203,3,sản_phẩm đẹp nhưng kích_thước nhỏ hơn lazada đã mô_tả chất_liệu tốt đường may đẹp nhưng giao cho mình nhầm màu mình đặt màu_da_bò nhạt nhưng nhận màu_da_bò đậm,1
204,5,tốt hàng rất tốt đường may chắc_chắn cảm_ơn lazada,3
205,5,rất đẹp ạ,0
206,3,đẹp,1
207,4,bốn sao sản_phẩm đẹp chất_lượng tốt giá_cả hợp_lý,1
208,5,sản_phẩm tốt sản_phẩm đẹp và chất_lượng so với giá đó,0
209,5,năm sao túi khá đẹp giống hình trên trang khá hài_lòng,3
210,4,túi đẹp hài_lòng với sản_phẩm ok,1
211,5,tốt giao hàng nhanh hàng đúng mẩu,0
212,5,năm sao,3
213,4,bốn sao da mềm nhưng tôi hỏi nhờ tốt đang mua,1
214,4,túi đeo chéo đường may khá chắc_chắn màu túi ok chỉ là gói hàng bằng một tờ giấy có nhiều ng ko để_ý lấy dao rọc giấy mở xẹc cái là đi luôn cái túi nên gói cho cẩn_thận bằng 2 ba lớp để tránh trường_hợp trên,2
215,5,năm sao túi đẹp chất_lượng tốt tôi đã đặt mua tổng_cộng 9 cái với giá 99k cái cảm_ơn lazada,0
216,5,thích quá bất_ngờ về sản_phẩm_giá rất rẻ chất_lượng lại miễn chê mình sẽ giới_thiệu nhiều ng mua chế_độ bảo_hành cũng rất ok đặc_biệt giao hàng cực nhanh,0
217,4,gía nguyên túi da mềm đường may sắt sảo,2
218,5,túi của lata đã mua và đã sử_dụng túi y hình đường may đẹp thương_hiệu lata tôi nghĩ mọi người nên sử_dụng,1
219,5,túi full đẹp lun lại đc giảm_giá tuyệt_vời túi đẹp cả trong lẫn ngoài,0
220,3,ba sao mình thấy rất hài_lòng,3
221,4,giỏ xách lata hàng như hình rất tốt,4
222,1,không như quảng_cáo có mỗi 1 ngăn có mỗi 1 ngăn làm quái gì có ngăn khoá như hình quảng_cáo,2
223,5,tốt đã nhận hàng nhanh hơn kế_hoạch hàng đẹp thích,1
224,5,túi đẹp tốt mình rất hài_lòng,0
225,5,phương ok,1
226,5,năm sao da kiểu đều rất đẹp và vừa_ý nữa rất vừa_ý,3
227,4,bốn sao sản_phẩm ổn màu_da giống hình chỉ may tốt bên trong vải nỉ nên bất_ngờ chút,1
228,5,good mình hài_lòng về chất_lượng vì không nghĩ giá_như vậy_mà được hàng tốt mỗi tội giao hàng chậm quá,1
229,4,hài_lòng giao hàng nhanh gói hàng cũng đẹp nữa về chiếc túi thì mẫu_mã giống trong mô_tả dây đeo chắc_chắn nhưng có_điều màu hơi nhạt hơn so với trong hình tý nhưng sản_phẩm_chất_lượng rất ok,0
230,5,đẹp chất_liệu bên trong mềm_mại rất ưng_ý sản_phẩm này mình phải mua thêm 1 cái dùm chị hàng_xóm đó,4
231,3,ba sao túi đeo giống như hình đẹp nhưng hơi nhỏ,2
232,3,ba sao giỏ đẹp giá_cả vừa túi_tiền công_nhận,4
233,4,bốn sao sản_phẩm như mô_tả đường may cẩn_thận hài_lòng với sản_phẩm,0
234,5,túi đeo chéo hàng chất_lượng bền đẹp,2
235,5,tuyệt_vời chất_lượng ok 5 sao,0
236,5,năm sao mình rất hài_lòng về sản_phẩm,3
237,5,chất_lượng tốt giá rẻ em này đẹp như hình đường may chắc_chắn da mềm nên đeo rất thoải_mái bên trong lót vải cũng mềm nch là rất ưng_ý chắc phải mua thêm cái nữa 3,0
238,4,bốn sao túi đẹp đúng như thông_tin sản_phẩm,0
239,4,bốn sao 1 năm trước đẹp giống hình lớp vải bên trong ok giá mềm,3
240,5,năm sao đã nhận được sản_phẩm vô_cùng ưng_ý,0
241,1,một sao giá tốt kiểu đẹp da để ok,1
242,2,tạm được hơi nhỏ lúc mua ko để_ý kích_cỡ mua về thì cảm_giác túi nhỏ là nam đeo thì hơi dở nhìn trông ái ái thích_hợp với nữ hơn,2
243,5,năm sao sản_phẩm này nhìn khá thời_trang bắt_mắt nhé mình mua cho em nó dùng rất tốt vì dùng lâu rồi mà còn như mới luôn hé,3
244,4,bốn sao được giá tốt chất_lượng,0
245,5,rất hài_lòng túi đẹp ngoài sự mong_đợi của mình quá rẻ cho 1 sp chất_lượng giao hàng nhanh ngoài dự_kiến,4
246,5,ok túi đẹp vừa_ý,3
247,4,bốn sao good,0
248,5,năm sao túi đúng hình da mềm đẹp thikkk,0
249,5,năm sao sản_phẩm tuyệt với dãy đường may chắc_chắn tôi rất thích nên mua thêm 2 cái nền_tảng cho bạn,3
250,5,sản_phẩm như hình sản_phẩm đẹp đường may tỉ_mẩn đáng tiền tôi mua,4
251,1,nói_chung thì với giá tiền này túi là phù_hợp chứ cũng chẳng sale với không sale gì nhìn thì đẹp mà nhận thì chất_lượng hơi chán dây đeo dài quá bây_giờ làm thế_nào để tháo ra đây,4
252,4,túi quai chéo cảm_ơn lazada mình nhận được hàng sớm hơn nhiều so với dự_kiến túi đẹp tuy_nhiên màu đậm hơn so với ảnh,4
253,4,bốn sao sản_phẩm tốt đúng như hình,2
254,4,chiếc túi rất đẹp chiếc túi rất đẹp thích_hợp đi chơi đi học thêm vì nếu bỏ tập chỉ bỏ được 12 quyển nói_chung đây là một sản_phẩm khá tốt với giá cực_kì phải_chăng mong là sẽ mau_chóng có thêm nhiều mẫu mới với chất_lượng ngày_càng tốt hơn cảm_ơn lazada,4
255,3,ba sao mình ưng_ý với sản_phẩm đã mua,4
256,5,rất hài_lòng mua bữa giá 69k da đẹp rất chắc_chắn mình cực thích,4
257,5,năm sao giao hàng nhanh hơn dự_kiến sp đc đóng_gói tốt chất_lượng sp rất ok dây đeo khá chắc_chắn giả rẻ nữa nên mua các bạn ạ,4
258,4,rất thích mình rất vui về chiếc túi này mới mang con bạn thấy cũng muốn mua một chiếc giá thì cũng khá là hợp_lý và hợp với túi_tiền của mình đường may chắc_chắn không bị lỗi 1 chút nào hết bên trong được may bằng vải nhung rất êm không lo bị thủng xước khi để vật nhọn sắc_bén và có nhiều ngăn nhỏ,3
259,4,sản_phẩm đẹp,1
260,4,tốt túi dày_dặn đường may chắc_chắn và da đẹp hơn so suy_nghĩ của mình nhưng màu đậm hơn trong hình 1 chút,3
261,5,hàng dùng ổn chất_liệu đẹp chú_ý là hàng cho nữ nam dùng không hợp lắm,0
262,5,năm sao túi da_bò nhìn chắc_chắn đường may tinh_xảo đeo lên nhìn rất đẹp đựng được khá nhiều đồ giao hàng nhanh_chóng đúng lúc cần cảm_ơn lazada nhé,1
263,4,bốn sao sản_phẩm đẹp như hình,3
264,5,tốt tốt giao hàng nhanh hàng chất_lượng tốt rất hài_lòng về sản_phẩm này,0
265,5,4 sao rưỡi túi to hơn hình tí nhưng cũng ok ai thích đơn_giản thì chọn vì chỉ có vài ngăn nổi_bật thôi,1
266,4,tốt hàng rất chắn chắn phù_hợp vs giá tiền có_điều còn đường kẻ may chưa xóa bằng viết nhủ mình ko xóa_đc hên là không rõ lắm,3
267,4,bốn sao mình nhận được hàng các bạn gửi rồi hàng như ảnh dùng tốt xin cảm_ơn,0
268,5,hàng rẻ mà chất_lượng giao hàng cực nhanh mình cũng không ngờ luôn chất_lượng quá ổn so với mức giá đường may nhìn khá chắc_chắn tuy_nhiên màu hơi đậm so với hình nhưng nhìn cũng ok lắm sẽ ủng_hộ hàng lata dài_dài,4
269,4,túi da mềm đẹp túi đẹp tuy_nhiên hơi già dùng cho trung_niên phù_hợp,4
270,3,ba sao bình_thường,2
271,4,sản_phẩm vừa_ý dùng rất tiện_lợi vừa túi_tiền với công_chức sản_phẩm vừa_ý dùng rất tiện_lợi vừa túi_tiền với công_chức,3
272,4,tốt,4
273,5,ok hài_lòng,1
274,5,đẹp chất_lượng ok túi mình nhận được y_như hình mình chọn giao hàng tiết_kiệm nhưng lazada giao hàng sớm hơn dự_kiến 3 da chắc_chắn đường may cũng đẹp nữa,0
275,5,rất hài_lòng hàng đẹp túi vừa phải đựng vừa ipad nói_chung là rất thích cảm_ơn anh giao hàng thân_thiện ạ,0
276,3,ba sao chất_liệu đẹp tuy_nhiên đường may hơi sâu nên lòng túi hơi nhỏnói chung là chất_lượng và giá_cả hợp_lý,0
277,3,ba sao mình rất thích sản_phẩm này mình thấy nó hợp với mình đơn_giản nhưng vẫn sang trọngchất liệu da_bò mềm_mại giá_cả lại rẻ hơn minh mua ngoài các cửa_hàng và mặt khách giao hàng rất nhanh_chóng nói_chung cũng mới mua một và sản_phẩm nhưng mình rất thích dịch_vụ của lazada,3
278,4,bốn sao,1
279,4,hàng chất_lượng hàng đẹp giá rẽ nhân_viên giao hàng nhanh,2
280,4,bốn sao cũng được,2
281,5,tôt hài_lòng với sản_phẩm,2
282,5,rất tốt tôi đã dùng balo của lata được 2 năm rồi mà vẫn chưa bị hư_chất da và đường may đều tốt tôi đã đặt 2 chiếc túi này cho tôi và cho chị_gái với giá khuyến_mãi đặt hôm_qua hôm_nay đã nhận được rồi tôi thật_sự rất hài_lòng với sản_phẩm của lata,3
283,5,giống với ảnh đáng mua chất_liệu ưng_ý hài_lòng với sản_phẩm,2
284,3,ba sao oke,4
285,4,bốn sao,2
286,5,năm sao tốt,3
287,5,túi đeo chéo túi đeo chéo thương_hiệu lata 3 màu đều rất đẹp chất_lượng rất tốt giá_cả quá rẻ so với tất_cả những gì thật tốt của sản_phẩm,1
288,4,tốt đep,4
289,4,bốn sao sản_phẩm tốt_đẹp y hình nhưng gửi chậm so với thời_hạn 5 ngày chờ mãi mà chả nhận được tưởng trôi luôn chơ đóng_gói cẩn_thận,3
290,5,năm sao chất_liệu ok,4
291,5,năm sao túi đẹp mình rất thích nhưng bé mình đựng 1 cái ví điện_thoại mấy thỏi son và hũ kem dưỡng ẩm loại bé là full rồi,3
292,5,good trên cả tuyệt_vời,3
293,4,giá đẹp mới mua là 115k giờ là 99k hàng đẹp đó mong chuyến hàng 99k với chất luợng k đổicần thời_gian xem da có bị nổ nhanh không bây_giờ thấy là ok,3
294,5,rất ok rất hài_lòng,4
295,4,ok giá_thành ok mình mua lúc túi sale còn 69k chất_liệu đấy đã hợp với túi_tiền chỉ tiếc là mình chọn da_bò nhất thì lazada lại giao cho da_bò dám,0
296,4,chất_liệu tốt mẫu_mã đẹp và giao hàng nhanh hơn dự_kiến sản_phẩm_chất_lượng tốt mẫu_mã đẹp tôi rất hài_lòng,2
297,4,bốn sao chất_lượng và mẫu_mã ổn sản_phẩm giống hình phù_hợp để đi chơi bạn có_thể để vừa cả loại ví dài nên mua,3
298,5,sản_phẩm rất tốt hợp giá tiền đẹp,2
299,4,sản_phẩm dep đặt_hàng nhanh,0
300,5,túi chất_lượng hàng chất_lượng lazada nên phát_huy nhé,3
301,4,túi đẹp vừa_ý đẹp,3
302,3,tiền nào của đó cũng ok lắm cũng tốt,3
303,5,năm sao túi da_bò nhạt này đẹp hơn cái màu đậm đợt rồi mình mua đó mà sử_dụng tốt nên mua thêm cho em mình một cái để dùng nói_chung cũng được xài tốt,4
304,4,đẹp đẹp đúng như hình nhưng cái ví tặng theo nhìn khó diễn_tả quá đi,2
305,5,rất hài_lòng chất_liệu da làm túi trong không được chuẩn cho lắm nhưng so với giá_cả thì mềm rồi chiếc túi mình có_thể mang đi làm cũng hợp_lý màu_sắc chiếc túi đẹp dây đeo khá cứng_cáp,0
306,5,tuyệt_vời giá 100k mà đường chỉ chắc_chắn da dày mình cực thích phần bên trong tuyệt sẽ tiếp_tục mua của lata,4
307,5,năm sao tốt,4
308,4,bốn sao nhìn ok giá lại rẻ,1
309,5,năm sao,3
310,5,tuyệt đã nhận được hàng nhìn_chung rất thích,1
311,5,túi lât vn03 mình rất rất hài_lòng về chiếc túi nàychất liệu da mềm và dễ_thương nữa,4
312,5,5 sao túi da mềm rẻ và đẹp tôi rất hài_lòng sản_phẩm này,4
313,5,tốt cực tốt hàng đã nhận chiều nay và đặt thêm 11 cái mong là đẹp giống y_vậy,3
314,5,hàng đẹp chất_lượng,0
315,5,tốt túi đẹp,4
316,4,bốn sao tốt,4
317,4,hàng như miêu_tả chắc_chắn giao hàng sớm các nhận_xét của mọi người về đường may chắc_chắn chất_liệu đẹp và lót trong mềm dày_dặn đều đúng các khóa khớp nối dày chắc giao hàng miễn_phí sớm một tuần so với dự_kiến dây đeo chắc nhưng đoạn gậpđiều chỉnh chưa đẹp lắm so với túi nên cho 45 sao tổng_thể hài_lòng với giá hợp_lý 85k free ship đợt khuyến_mại,0
318,5,dùng được rất ổn so với giá tiền,4
319,3,hàng cũng được nhưng hơi thất_vọng do quá nhỏ ko đựng được nhiều đồ bên trong ko giống như mô_tả,4
320,5,rất hài_lòng d,3
321,5,năm sao hài_lòng,3
322,5,túi có thiết_kế đơn_giản khá đẹp_mắt da_bò đẹp đeo nhìn rất năng_động thoải_mái đựng được khá nhiều đồ,2
323,4,tốt 1 năm trước ưu_điểm chất_lượng tốt hình_ảnh giống như hình có bảo_hành và địa_chỉ công_ty sản_xuất chưa hài_lòng thể_tích của túi hơi nhỏ,0
324,5,rất tốt tôi hài_lòng,3
325,5,rất tốt tuy_nhiên đường chỉ mai chưa chính_xác,4
326,5,lata tốt,4
327,5,rất thích hàng giống hình da mềm nhìn đẹp giao hàng siêu nhanh,3
328,5,tốt hơn mong_đợi khi đặt_hàng mình chọn chế_độ giao hàng tiết_kiệm nên nghĩ cả tuần sau mới có mình ở bình dương ai dè 2 ngày sau có r nói chubg rất hài_lòng chỉ là gói sản_phẩm ko kỹ cho lắm dễ bị gãy da của mình nguyên_vẹn không gãy hàng đẹp da dày nói_chung với giá 91k mình rất hài_lòng,1
329,5,năm sao túi đúng như mô_tả da tốt,1
330,4,tốt túi như hình tiếc là mua ko đúng dịp lazada giảm nhiều nhất,3
331,5,da mềm nói_chung là cũng dk so vs giá_thành,4
332,5,hài_lòng về sản_phẩm,0
333,5,sản_phẩm rất đẹp so với chất lương thì giá tiền rất ok đẹp rẻ chất_lượng,1
334,5,sản_phẩm rất đẹp bên trong lớp lót nhưng dày_dặn nên mua,2
335,4,bốn sao,2
336,5,tốt màu đẹp hơn ảnhchất liệu mềm_mại bền đường may chắc_chắn form ko đứng lắm nói_chung là ok,0
337,4,ok sản_phẩm đẹp giá_cả hợp_lí,1
338,3,ba sao sản_phẩm đẹp giá rẻ,2
339,5,good chất vải dày lắm à mọi người trên đây rẻ chứ chỗ khác 150k trở lên không à,1
340,5,túi đẹp,4
341,3,khá là thích sản_phẩm_chất_liệu da làm túi trong không được chuẩn cho lắm nhưng so với giá_cả thì mềm rồi chiếc túi mình có_thể mang đi làm cũng hợp_lý màu_sắc chiếc túi đẹp dây đeo khá cứng_cáp,1
342,5,tuyệt_vời hàng đóng_gói rất cẩn_thận mở ra thì ôi ưng_ý cực_kỳ luôn hàng giá rẻ mà chất_lượng quá ok luôn sắm em túi này ban_đầu mục_đích để đi chùa cơ_mà đi chơi cũng rất ok,1
343,5,năm sao,1
344,3,rất hài_lòng,1
345,5,hàng tốt 5 sp đúng mô_tả gía rẻ,2
346,5,quá tốt da mềm đẹp săn được giá hời 92k mà túi đẹp quá_chừng cảm_ơn lata lazada,1
347,5,ok tot,0
348,4,giá rẻ mà đẹp,1
349,4,túi đẹp cũng khá hài_lòng,0
350,5,rất hài_lòng ủng_hộ lata tuyệt_đối,1
351,5,hài_lòng màu túi đậm hơn trong hình túi đẹp các đường may đều đẹp lớp lót túi đủ dày khóa trơn_tru nhìn_chung sản_phẩm tốt mua lúc giá 99k đã thấy rẻ rồi mà h còn 81k,1
352,3,ba sao 1 năm trước ok,3
353,5,tốt giao hàng rất nhanh và bạn shipper nói_chuyện rất thân_thiện sản_phẩm thì mình thấy ok đợi dùng 1 thời_gian xem thế_nào rất ủng_hộ,0
354,3,ba sao sản_phẩm giống hình sản_phẩm tốt giá rẻ,2
355,3,tốt túi đẹp hàng tốt giá tốt,2
356,5,good chất_lượng sản_phẩm với giá chấp_nhận được rẻ hơn mua ngoài chợ giao hàng tốt,2
357,4,tốt sp y hình chất_lượng tốt,3
358,5,chất_lượng tốt giao hàng nhanh gói hàng cũng đẹp nữa về chiếc túi thì mẫu_mã giống trong mô_tả dây đeo chắc_chắn nhưng có_điều màu hơi nhạt hơn so với trong hình tý nhưng sản_phẩm_chất_lượng rất ok,3
359,3,ba sao sản_phẩm giống trong hình tốt,1
360,5,năm sao tuyệt,0
361,3,ba sao chất_lượng và giá_cả hợp_lý,4
362,5,túi da rất ok mình rất ưng_ý ngoài sự mong_đợi rất ok,0
363,3,lata tạm hài_lòng,1
364,5,năm sao sản_phẩm rất tốt khi nhận được sản_phẩm vô_cùng vui_mừng vì mua hàng nhanh chất lg tốt tiết_kiệm được thời_gian lựa choncảm ơn lazada,0
365,4,tốt màu đẹp sản_phẩm giống với hình da mềm khóa chắc_chắn đường chỉ may đẹp,4
366,5,hài_lòng túi dày_dặn đẹp giống hình mua được giá rẻ nữa,2
367,3,ok hàng đẹp giao nhanh,3
368,5,túi mang chéo lata hàng đạt yêu cầugiao hàng đúng hẹn,3
369,5,phù_hợp với giá sản_phẩm hài_lòng_đường mai đẹp,4
370,3,ba sao 1 năm trước day đeo hoi nho và yếu_ớt,0
371,5,năm sao quần mềm_mại mặc dễ_chịu giá rẻ tuy_nhiên cúc hơi khó hiểu,2
372,5,ok ok,3
373,5,ăm sao túi có thiết_kế đơn_giản khá đẹp_mắt da_bò đẹp đeo nhìn rất năng_động thoải_mái đựng được khá nhiều đồ,4
374,5,rất đáng mua chất_liệu tốtđường may kĩ càngmáu sắc_đẹp,1
375,2,tiền nào của nấy da xấu dễ rách và đã đứt quai sau 1 tháng sử_dụng,3
376,5,năm sao giao hang nhanhda dept rat thich mua hang tai lazada,2
377,3,bề_ngoài túi thì ok nhưng bên trong vải hơi xấu túi hơi cứng,4
378,4,bốn sao nhìn đẹpbên trong túi nhìn sang bền,4
379,4,good da tốt,4
380,1,ok tôi hài_lòng,0
381,5,năm sao đẹp i như hình,1
382,4,hàng ok mới đặt_hàng 2 ngày đã có tại bình thuậnhàng rẻ mà rất ok,4
383,4,bốn sao túi giống như hình đẹp rất thích,1
384,4,sản_phẩm tốt mình khá ưng_ý với sản phẩmgiá cả phải_chăng da mềm kích_thước hợp_lý màu_sắc hơi tối hơn mình nghĩ nhưng dễ phối đồví tặng kèm cùng màu với túi nên thành 1 set đẹp đấyhi,2
385,1,túi mùi kinh lắm,0
386,5,tốt chất_lượng tốt da đẹp hàng giao đúng mẫu_mã,0
387,4,good sản_phẩm như hình đường may đẹp và chắc_chắn,3
388,5,good túi ok,4
389,5,năm sao chất_lượng rất tuyệt_vời,0
390,3,ba sao,1
391,5,năm sao,2
392,5,sản_phẩm tốt giỏ xách đẹp hài_lòng vừa mặt_đường may chắc_chắn,1
393,5,good good,0
394,1,quá xấu so với hình lại còn thiếu ví khuyến_mãi nữa mất khách,1
395,5,tuyệt_vời sản_phẩm đẹp bắt_mắt mới đặt trưa hôm_qua hôm_nay đã có mới nên chưa biết bền không nhưng cảm_nhận đầu là thấy ổn đó,2
396,1,miêu_tả đẹp hoành_tráng_lệ lắm khi nhận thì cảm_thấy chỉ đc 1 sao,1
397,4,bốn sao tốt,3
398,5,1 nhận hàng sớm hơn mong_đợi 2 hàng rất ok 3 nhân_viên giao hàng rất nhiệt_tình 4 cảm_ơn hệ_thống,3
399,5,năm sao tôi rất hài_lòng về giá_cả cũng như chất_lượng hàng mà tôi đã mua,3
400,2,túi bằng chất_liệu da quá mềm không biết do túi như_vậy hay do khâu đóng_gói vận_chuyển mà lúc nhận đc hàng cái túi nhăn nhàu gãy hết cả túi,3
401,5,năm sao sản_phẩm cực_kì chất_lượng cầm êm tay đường may tinh_tế giao hàng nhanh,2
402,5,năm sao túi đeo rất đẹp da cũng là hàng chất_lượng đó mình dùng vài tháng rồi có bị dính mưa dính nước mà da vẫn không sao rất hài_lòng nhé,3
403,5,tui xách rất hài_lòng cám_ơn lazada,4
404,3,tạm được,2
405,4,hài_lòng về sản_phẩm hàng giao nhanh hơn dự_kiến túi giao như hình màu đậm hơn da mềm đường may đẹp có điều ví tặng kèm không ưng_ý lắm góp_ý với lazada không nên tặng kèm ví_như vậy thay_vì tặng kèm ví lazada có_thể bớt tiền trên sản_phẩm để tăng uy_tín hoặc giá_trị sản_phẩm hàng dùng bền hay không thì chưa thể đánh_giá được nhưng sản_phẩm được bảo_hành trọn đời thì ok,1
406,5,túi đẹp hợp giá tiền màu sản_phẩm đẹp da mềm phía trong vải lót đẹp hợp với mẫu túi gía rẻ so với chất_lượng sản_phẩm nhân_viên giao hàng vui_vẻ và nhiệt_tình,0
407,4,hài_lòng giao hàng nhanh sản_phẩm nhận được đúng với mẫu giá_thành vậy là ok,1
408,5,sản_phẩm tốt ưng_ý màu đệp giá_cả hợp_lý tôi rất hài_lòng Hào Nguyễn,3
409,5,hài_lòng về sản_phẩm giao hàng free nhưng khá nhanh sản_phẩm nhận được đúng mô_tả chất_liệu đẹp giá_thành rẻ hài_lòng,4
410,3,túi đeo chéo khi nhấp chuột đặt mua túi với giá 125k lúc thanh_toán mình nghĩ trong đầu túi rẻ vậy mua thử dùng tạm thôi chứ không hề nghĩ khi nhận được hàng lại cảm_thấy ok đến như_vậy các sản_phẩm khác mình không biết như nào nhưng khi nhận đc túi đeo chéo này mình thấy hài_lòng chất_liệu ok chắc_chắn và đeo rất hợp đến cả ông anh_trai khó_tính của mình còn nói là chất được đấy nói_chung là quá hài_lòng đi,1
411,5,sản_phẩm túi đeo chéo hang được đóng_gói rất kỹ_lưỡng giao hàng cũng nhanh nữa về sản_phẩm thì mình rất ưng_ý,0
412,5,tốt sản_phẩm đẹp đúng như hình mình rất hài_lòng,0
413,5,rất đẹp rất là ưng_ý ạ,3
414,1,túi xấu,4
415,5,hài_lòng rẻ đẹp,1
416,4,được mình mới nhận hàng hôm_qua rất hài_lòng về giá_cả và sản_phẩm,2
417,4,chi mình thích túi này vì với giá tiền để mua được túi da mềm và màu_sắc giống hình thì rất hài_lòng mình cũng thích sự nhanh_chóng của việc giao hàng lazada cảm_ơn,3
418,4,đẹp giao hàng nhanh nhận được sản_phẩm nhanh hàng đẹp to hơn so với tưởng_tượng da mềm đường may chắc màu_da hơi nhạt so với hình,1
419,5,năm sao giao hàng nhanh sản_phẩm rất ưng_ý bền trong rất đẹp đường chỉ chắc_chắn,4
420,3,rất tốt túi giống y hình chất_lượng cũng rất tốt mình rất hài_lòng,4
421,5,túi đẹp rất hài_lòng,0
422,2,mới nhận hàng xong giờ còn 70000 tiếc quá,0
423,5,năm sao hài_lòng sản_phẩm,1
424,3,anh ba sao bình_thường,0
425,5,sản_phẩm đẹp giống với mô_tả chất_lượng tốt so với tầm giá này thanks lazada làm_quà tặng rất ý_nghĩa,1
426,5,túi rẻ đẹp túi đẹp chắc_chắn dầy_dặn kích_thước vừa phải tiện_dụng cho mình khi đi shopping,3
427,4,bốn sao hài_lòng về sản_phẩm,3
428,5,good good,4
429,5,sản_phẩm đúng mô_tả giao hàng nhanh giá tốt sản_phẩm rất đúng mong_đợi giá tốt lazada cần có thêm nhiều mặt_hàng như_vậy,0
430,3,hi được thôi chưa như mong_muốn,4
431,5,tuyệt_vời sản_phẩm như mô_tả hàng chất_lượng hi_vọng shop sẽ luôn phục_vụ và đáp_ứng tốt nhu_cầu chất_lượng của mỗi sản_phẩm hàng giá phải_chăng tôi rất hài_lòng về sản_phẩm,1
432,5,năm sao sản_phẩm rất đẹp,2
433,5,hài_lòng về sản_phẩm và dịch_vụ của lazada túi_xách đẹp giá rẻ giao hàng nhanh cảm_ơn lazada,0
434,5,năm sao hàng đẹp rất hài_lòng,4
435,4,đẹp đẹp,0
436,5,hài_lòng sản_phẩm đúng như hình_mẫu da mềm kiểu_dáng đẹp rất nên mua,1
437,1,túi mỏng dởm nên rẻ thích_hợp cho mấy bạn nhỏ đựng bút viết,2
438,5,tuyệt_vời mình và bạn mua 3 cái hàng đẹp đường chỉ đẹp da mềm giao đúng hẹn nói_chung ok,2
439,4,rất hài_lòng giao hàng đúng hẹn mình hài_lòng với dịch_vụ túi đeo nhận được giống mẫu rất đẹp kiểu_dáng độc_đáo mình rất hài_lòng với sản_phẩm này,0
440,5,đẹp và rẻ,3
441,3,ba sao ok,1
442,4,tốt da dày đẹp giống trong hình,4
443,3,ba sao nhìn thấy ổn nhưng nữ sử_dụng tiện_lợi hơn,2
444,1,chất_liệu không giống ảnh chất_liệu là vải da lộn nhìn không đẹp chút nào,1
445,5,đẹp giá ổn rất tốt khi nhận sản_phẩm vừa_ý mong rằng time sử_dụng lâu_dài,4
446,4,ok theo nhận_xét của mình bề_ngoài ok lòng trong hơi hẹp không rông rãi như mình nghĩ còn về chất_lượng lâu_dài mới biết vì mình đã từng sử_dụng túi lata một lần bị tróc keo tùm_lum tặng bạn cũ mà nghe chê quê hết_sức,4
447,5,tốt da mềm túi đẹp mẫu_mã giống hình,0
448,3,ba sao phù_hợp cho giới trẻ giá tốt,3
449,5,hàng tốt hất lượng cực_kỳ tốt so vs giá tiền chất_liệu đẹp đường may chắc_chắn,3
450,5,đoàn chất_lượng tốt sản_phẩm đúng hãng gía rẻ hơn rất nhiều so với cửa_hàng nhưng vẫn được bảo_hành da đẹp,1
451,5,ok đẹp,1
452,3,túi đẹp,0
453,5,năm sao tuyệt_vời hơn cả mong_đợi cám_ơn shop,0
454,5,đẹp túi da đẹp dày_dặn mình rất thích,2
455,4,với giá đó thì sản_phẩm ok,2
456,4,hài_lòng đẹp hài_lòng với chiếc mẫu_mã như mình đã xem trên hình rất giống bên trong có nhiều ngăn nhỏ đựng dụng_cụ điện_thoại chế_độ bảo_hành làm mình yên_tâm giá chiếc túi cũng khá là hợp_lý cảm_ơn lazada,1
457,1,nhảm_nhí hàng giá rẻ ghi thông_tin k nói chất gì với giá_như vậy chỉ có chất dù dùng vài hôm hỏng mua cho phí tiền,3
458,5,ok lắm giống như mô_tả chất_lượng tốt da rất tốt,1
459,5,tốt sản_phẩm như hình,0
460,5,rất đẹp sản_phẩm giống hình da đẹp đường chỉ may chắc_chắn bên trong lót lớp vải nhung rất đẹp nhận sản_phẩm xong mình rất hài_lòng và bạn_bè đồng_nghiệp đã nhờ mình mua đến 5 cái nữa mua cả 3 màu luôn sau khi mình mua sản_phẩm này thì bạn mình đã tìm đến lazada để mua hàng rất nhiều,4
461,5,năm sao sản phẩn tốt so với giá,3
462,4,bốn sao mẫu_mã hàng như hình giao hàng nhanh_chóng_chất da đẹp giá vừa túi_tiền,3
463,5,năm sao,2
464,5,tốt tôi rất hài_lòng sản_phẩm đẹp da tốt lazada phục_vụ rất tận_tình giao hàng nhanh cảm_ơn nhân_viên giao hàng nhé rất nhiệt_tình,1
465,2,hai sao khi mua cái túi này đầu_tiên cho chị hai mình thấy rất đẹp nên 1 năm sau mình đặt thêm 1 cái nữa nhưng cái thứ 2 mình nhận được kém xa cái đầu_tiên mình mua da thì nhũn đường may thô không còn đẹp như trước kích_thước cũng khác nhau cái túi mua sau lại trông cũ hơn cả cái túi trước mình rất thất_vọng,4
466,5,hài_lòng kích_thước vừa phải dây đeo chắc_chắn vải lót dày và êm giá thì quá là hạt_dẻ nói_chung là quá hài_lòng cám_ơn lazada,1
467,4,bốn sao sản_phẩm cũng đc nhưng nhìn thô quá không kĩ và đẹp nhưng so với giá tiền thì sử_dụng được,0
468,1,nhăn nhoe xấu không như_ý hơi thất_vọng xấu,4
469,5,rất hài_lòng hình sao hàng vậy tks lazada nhiều,3
470,4,bốn sao da rất mềm mình rất thích cái giỏ xách này cảm_ơn lazada,2
471,5,năm sao sản_phẩm bên ngoài đẹp hơn trong hình,2
472,5,năm sao tôi hài_lòng,4
473,2,hai sao túi nhỏ so với hình tạm được,0
474,5,túi lata túi dày chỉ may chắc_chắn giao hàng đúng ngày hài_lòng với sản_phẩm,0
475,4,giá tốt trước túi có chất_lượng tốt so với đơn_giá 99k tuy_nhiên mùi da vẫn còn nồng đường may có mũi kim hơi dài,3
476,5,năm sao túi da_bò nhạt này đẹp hơn cái màu đậm đợt rồi mình mua đó mà sử_dụng tốt nên mua thêm cho em mình một cái để dùng nói_chung cũng được xài tốt,2
477,3,túi nhìn trông thô nhỏ hơn tí nữa thì đẹp,3
478,5,hàng tốt với giá này thì là quá tốt túi hoàn_thiện cũng đẹp đường may chắc_chắn,2
479,5,sản_phẩm đẹp sản_phẩm đẹp đường chỉ may chắc_chắn,0
480,5,rất rẻ rất tốt,2
481,5,năm sao túi đẹp giống hình mình thích cái ví quà tặng hơn cảm_ơn lazada_nhe,1
482,5,hang_y hinh ok,2
483,5,năm sao tôi hài_lòng,0
484,5,tốt tốt,2
485,5,hàng ok túi đẹp giao hàng nhanh nhân_viên nhiệt_tình mình sẽ tiếp_tục ủng_hộ,3
486,5,năm sao túi này đeo gọn_gàng mà tiện_lợi lắm đựng được nhiều món đồ cần_thiết hằng ngày để mang đi mà lấy ra bỏ vô đều rất là nhanh đã vậy còn được tặng ví cầm tay nữa cả 2 cái đều dùng rất là ok,2
487,5,túi đẹp da dầy_dặn quá tốt so với giá,2
488,5,năm sao 1 năm trước rất hài_lòng sản_phẩm giống hình giao hàng nhanh giá hợp_lý rất ok,3
489,5,rẻ đẹp da mềm mẫu_mã như hình đường may ok giá rẻ,1
490,5,good,0
491,3,sản_phẩm tạm được,0
492,5,năm sao rất đẹp,3
493,3,màu_da xấu hơn trong hình_chất da khá ổn,0
494,5,năm sao sản_phẩm giống hình chất_liệu da và đường may ok tôi thật_sự rất hài_lòng với sản_phẩm của lata,3
495,5,chất_lượng tốt,4
496,5,năm sao túi y_hình da mềm hợp túi_tiền giao hàng nhanh ủng_hộ lazada,3
497,5,rẻ đẹp mình mua đúng hôm giảm còn 99k nay nhận hàng rất là ưng luôn ý,1
498,4,sản_phẩm tốt sản_phẩm tốt,1
499,4,đánh_giá sản_phẩm nhìn_chung thì lazada cũng nổi_tiếng từ lâu rồi mình cảm_thấy yên_tâm khi mua hàng về phần sản_phẩm thì ok hàng y hình chất_lượng tốt mong rằng công_ty tiếp_tục phát_triển,1
